id,version,deviceId,syncStatus,syncedAt,createdAt,updatedAt,pointNumber,worker,lat,lon,xLocal,yLocal,intensity,flowRate,waterColor,wall,domain,status,comment,photoUrls,monitoringDate,measureMethod,horizon,,
1774526179251-mobaind-zl70,4,mobaind,synced,2026-04-17T04:49:47.162Z,2026-03-26T11:56:19.251Z,2026-04-17T04:49:47.162Z,2,Юкин Р.А.,"52,744243","33,2415998","46261,3721","16316,3773",Сильная (поток),8,Мутная,Юго-западный,Domen-5,Паводковая,,"[""https://drive.google.com/uc?export=view&id=1uTdBg0h5pP6E2zyUlfIeWT9GIKR6vYHD""]",28.03.2026,Визуальный (примерный),275,,
1774526279482-mobaind-2wmq,3,mobaind,synced,2026-04-17T04:49:20.917Z,2026-03-26T11:57:59.482Z,2026-04-17T04:49:20.917Z,4,Юкин Р.А.,"52,744235","33,2433152","46260,477","16432,2298",Сильная (поток),5,Мутная,Юго-западный,Domen-5,Паводковая,,"[""https://drive.google.com/uc?export=view&id=1Ea-GnhGvXss1Ycfrz4xEEFg3FKwEWMEO""]",28.03.2026,Визуальный (примерный),275,,
1774526509981-mobaind-5dpz,4,mobaind,synced,2026-04-17T04:55:44.567Z,2026-03-26T12:01:49.981Z,2026-04-17T04:55:44.567Z,5,Юкин Р.А.,"52,7474804","33,2482172","46621,6441","16762,0427",Умеренная,4,Прозрачная,Северо-восточный,Domen-1,Паводковая,"Новая точка высачивания появилась в свявзи с инфильтрацией паводковых вод, протекающих на вышележащих горизонтах. Дебит определен визуально (опасность: участок движения ТС)","[""https://drive.google.com/uc?export=view&id=1yX_Ls7NWQhcBXU2eCaxsLxN9krnUw3PF""]",28.03.2026,Визуальный (примерный),300,,
1774600534904-dskprsv-djpc,11,dskprsv,synced,2026-04-18T12:29:53.363Z,2026-03-27T08:35:34.904Z,2026-04-18T12:29:53.363Z,3,Юкин Р.А.,"52,47282","69,68764","46730,527","16057,792",Умеренная,"3,7",Прозрачная,Юго-западный,Domen-3,Активная,"Подтопляемый участок за счёт активного естественного водопроявления, Объем водопритока рассчитан примерно. Видимый водоприток прослеживается в 1 точке из всего участка.","[""https://drive.google.com/uc?export=view&id=1EAxXD2pUjB7ZembamYaXNY4skVproe06""]",28.03.2026,Визуальный (примерный),330,,
1774756269277-dskprsv-x73h,4,dskprsv,synced,2026-04-17T04:50:17.909Z,2026-03-29T03:51:09.277Z,2026-04-17T04:50:17.909Z,1,Юкин Р.А.,"52,4743139","69,681155","46286,8958","16223,4493",Умеренная,"0,34",Прозрачная,Юго-западный,Domen-5,Паводковая,,"[""https://drive.google.com/uc?export=view&id=11TlsUf2SUsncg9wBfreSUhDy1JgXdgzd""]",28.03.2026,Визуальный (примерный),275,,
1774756822949-dskprsv-nrri,3,dskprsv,synced,2026-04-17T04:55:09.813Z,2026-03-29T04:00:22.949Z,2026-04-17T04:55:09.813Z,7,Юкин Р.А.,"52,4786987","69,6869856","46678,4971","16711,3833",Умеренная,"1,1",Слабожелтоватая,Северо-восточный,Domen-1,Паводковая,Новая точка водопритока открылась за счёт инфильтрации паводковых вод с дорожного полотна (вышележащие горизонты).,"[""https://drive.google.com/uc?export=view&id=1WHqQXL4w_kXEiHjWPRIWhxqrDp9CJvZ1""]",28.03.2026,Объемным методом,290,,
1774757124086-dskprsv-12eg,5,dskprsv,synced,2026-04-17T04:54:53.182Z,2026-03-29T04:05:24.086Z,2026-04-17T04:54:53.182Z,8,Юкин Р.А.,"52,4780351","69,6888426","46805,3885","16637,5347",Слабая (капёж),"0,05",Слабожелтоватая,Северо-восточный,Domen-1,Паводковая,Инфильтрация паводковых вод с вышележащих горизонтов,"[""https://drive.google.com/uc?export=view&id=1AKm2csptx_sSidg3kqDXrkz11kfBuNyq""]",28.03.2026,Объемным методом,290,,
1774757398226-dskprsv-fey0,5,dskprsv,synced,2026-04-17T04:54:31.970Z,2026-03-29T04:09:58.226Z,2026-04-17T04:54:31.970Z,9,Юкин Р.А.,"52,4769549","69,6902151","46899,8046","16517,3324",Умеренная,"0,37",Мутная,Северо-восточный,Domen-2,Новая,Водопроявление за счёт миграции паводковых вод с вышележащих горизонтов. Проходит по границе доменов и литологической границы. Водонасыщение бортов. Возможен вывал.,"[""https://drive.google.com/uc?export=view&id=1IhciH6xVmLYYb_vb0CZWiMs3USV7sMFI""]",28.03.2026,Объемным методом,300,,
1774758179912-dskprsv-94w5,7,dskprsv,synced,2026-04-16T10:38:16.562Z,2026-03-29T04:22:59.912Z,2026-04-16T10:38:16.562Z,10,Юкин Р.А.,"52,4744933","69,6887613","46803,6173","16243,4168",Умеренная,"0,45",Прозрачная,Юго-восточный,Domen-2,Перелив,"Точка перелива с вышележащего горизонта. Обледенелый. Замер дебита невозможен, определён визуально. Борта увлажнены. скопление воды не прослеживается","[""https://drive.google.com/uc?export=view&id=1tbEywOdlx8Oe5yU3IEZQ9U-owOhN4ac9""]",28.03.2026,Визуальный (примерный),280,,
1774758510411-dskprsv-09qy,7,dskprsv,synced,2026-03-30T09:04:41.650Z,2026-03-29T04:28:30.411Z,2026-03-30T09:04:41.650Z,11,Юкин Р.А.,"52,4775351","69,6857567","46596,2199","16581,8986",Слабая (капёж),"0,37",Прозрачная,Северо-восточный,Domen-5,Активная,"Борта увлажнены, водоприток замерить не удалось (капёж)","[""https://drive.google.com/uc?export=view&id=1fAIlpc5ls5NbVpFoqfoY71oZiA7lpTMH""]",28.03.2026,,220,,
1774758810013-dskprsv-5cg1,6,dskprsv,synced,2026-04-17T04:53:31.450Z,2026-03-29T04:33:30.013Z,2026-04-17T04:53:31.450Z,12,Юкин Р.А.,"52,4748846","69,6850994","46554,3531","16286,9597",Умеренная,"1,5",Прозрачная,Юго-западный,Domen-3,Активная,Водоприток горизонтальной скважины. Дебит рассчитан приблизительный. Скважина остается активной. Скобления воды на берме не прослеживается. Борта слабоувлажнены.,"[""https://drive.google.com/uc?export=view&id=1hxhQHH7GTKBOMTH68Aaer9e1cvJqW_u7""]",28.03.2026,Визуальный (примерный),220,,
1774759704686-dskprsv-ny1h,5,dskprsv,synced,2026-04-17T04:51:15.012Z,2026-03-29T04:48:24.686Z,2026-04-17T04:51:15.012Z,13,Юкин Р.А.,"52,4746197","69,6832116","46426,3397","16257,4747",Умеренная,0,Прозрачная,Юго-западный,Domen-5,Активная,"Активная зона водопроявлений. Прослеживается по всему Юго-Западному борту. Произвести замер точек невозможен (Взорванный блок, отсутствие доступа). Наледь, борта обильно увлажнены, видимы водоприток присутствует.","[""https://drive.google.com/uc?export=view&id=1vmTuF0u8vufLcWUNVIbd2l9-3uIvwCLM""]",28.03.2026,Визуальный (примерный),260/215,,
1774760697981-dskprsv-m5dd,4,dskprsv,synced,2026-04-17T04:52:34.942Z,2026-03-29T05:04:57.981Z,2026-04-17T04:52:34.942Z,14,Юкин Р.А.,"52,475933","69,6827424","46393,0684","16403,6147",Слабая (капёж),"0,1",Прозрачная,Западный,Domen-5,Активная,,"[""https://drive.google.com/uc?export=view&id=1SmbubCMVN8Ml2qvI9Qs7eiDARqp6oMbu""]",28.03.2026,Объемным методом,210,,
1774760780272-dskprsv-tu04,2,dskprsv,synced,2026-04-17T04:52:10.912Z,2026-03-29T05:06:20.272Z,2026-04-17T04:52:10.912Z,15,Юкин Р.А.,"52,4764332","69,6832623","46427,8778","16459,2792",Слабая (капёж),"0,1",Прозрачная,Северо-западный,Domen-5,Активная,,"[""https://drive.google.com/uc?export=view&id=1S0Isoc1SE7gjgrtFk6LCyRilciiY_Z9l""]",28.03.2026,,210,,
1776335576849-dskprsv-cy74,3,dskprsv,synced,2026-04-16T10:38:54.155Z,2026-04-16T10:32:56.849Z,2026-04-16T10:38:54.155Z,10,Сейлханова Д.А,"52,4744404","69,6887164","46800,627","16237,5222",Умеренная,"0,38",Мутная,Юго-восточный,Domen-2,Активная,"В результате повышение температур наблюдается скопление воды на берме гор.+310/гор.+290, произошло перетекание воды на нижний горизонт, вследствие был замерен поток воды в точке наблюдения №10","[""https://drive.google.com/uc?export=view&id=1DrfFAQEiHM-t1ZLpjDmPTefvGnsWKFHl""]",2026-04-02,Визуальный (примерный),280,,
1776336302961-dskprsv-md0i,2,dskprsv,synced,2026-04-17T03:40:00.569Z,2026-04-16T10:45:02.961Z,2026-04-17T03:40:00.569Z,16,Сейлханова Д.А,"52,4774834","69,6843693","46501,9934","16576,1414",Умеренная,"0,43",Прозрачная,Северный,Domen-5,Активная,"Выклинивание подземных вод имеет плоскостное растекание, что не позволяет полноценно произвести замеры. Основное выклинивание вод располагается на +220 гор. с последующим растеканием на нижележащие. Замер произведен на +200 гор.","[""https://drive.google.com/uc?export=view&id=1txKRbf20ksmx3ovRNAcf6Q2ScU09egqO""]",2026-04-02,Объемным методом,220,,
1776336804496-dskprsv-uy76,2,dskprsv,synced,2026-04-17T03:40:25.870Z,2026-04-16T10:53:24.496Z,2026-04-17T03:40:25.870Z,17,Сейлханова Д.А,"52,4775766","69,684636","46520,0159","16586,517",Сильная (поток),"1,07",Прозрачная,Северный,Domen-5,Активная,"Выклинивание подземных вод имеет плоскостное растекание, что не позволяет полноценно произвести замеры. Основное выклинивание вод располагается на +220 гор. с последующим растеканием на нижележащие. Замер на +200 гор.","[""https://drive.google.com/uc?export=view&id=1kP2fq4nUIQoeacPKkDaCoJ-EN0q_k-ir""]",2026-04-02,Объемным методом,220,,
1776336938783-dskprsv-z7rl,1,dskprsv,synced,2026-04-16T10:55:40.914Z,2026-04-16T10:55:38.783Z,2026-04-16T10:55:54.064Z,18,Сейлханова Д.А,"52,4775793","69,6852621","46562,5608","16586,8134",Умеренная,"0,4",Прозрачная,Северный,Domen-5,Активная,"Выклинивание подземных вод имеет плоскостное растекание, что не позволяет полноценно произвести замеры. Основное выклинивание вод располагается на +220 гор. с последующим растеканием на нижележащие. Замер на +200 гор.","[""https://drive.google.com/uc?export=view&id=1bfJXpi8l7K7hT9mxDtqaWjdbolxfOhJs""]",2026-04-02,Объемным методом,220,,
1776337079987-dskprsv-n4cw,1,dskprsv,synced,2026-04-16T10:58:02.116Z,2026-04-16T10:57:59.987Z,2026-04-16T10:58:13.883Z,11,Сейлханова Д.А,"52,4775686","69,6857054","46592,6968","16585,6276",Умеренная,"0,75",Прозрачная,Северный,Domen-5,Активная,"Выклинивание подземных вод имеет плоскостное растекание, что не позволяет полноценно произвести замеры. Основное выклинивание вод располагается на +220 гор. с последующим растеканием на нижележащие. Замер на +200 гор.","[""https://drive.google.com/uc?export=view&id=1rJBSj8GgilXF4AN7UjoGtjYj0W2VG6EJ""]",2026-04-02,Объемным методом,220,,
1776339839233-dskprsv-4m53,2,dskprsv,synced,2026-04-16T11:45:46.811Z,2026-04-16T11:43:59.233Z,2026-04-16T11:45:46.811Z,10,Сейлханова Д.А,"52,4744307","69,6887125","46800,3717","16236,4505",Слабая (капёж),,Прозрачная,Юго-восточный,Domen-2,Иссякает,"Замер водопритока не произвели так как наблюдается капеж. В результате повышения температуры наблюдается скопление воды на берме гор.+310/гор.+290, замер водопритока в точке наблюдения №10 не производился из-за отсутствия доступа после взрывных работ.","[""https://drive.google.com/uc?export=view&id=1ufuO20UoPusyblaf3pYbToCQEUAAUZdU""]",2026-04-09,Визуальный (примерный),280,,
1776340477964-dskprsv-3t5e,2,dskprsv,synced,2026-04-17T03:32:45.696Z,2026-04-16T11:54:37.964Z,2026-04-17T03:32:45.696Z,16,Сейлханова Д.А,"52,4775013","69,6843797","46502,6853","16578,1408",Умеренная,"0,25",Прозрачная,Северный,Domen-5,Активная,"Выклинивание подземных вод имеет плоскостное растекание, что не позволяет полноценно произвести замеры. Основное выклинивание вод располагается на +220 гор. с последующим растеканием на нижележащие. Замер на +200 гор.","[""https://drive.google.com/uc?export=view&id=1lwTzrBHzGL0y-HY4EtK0fTjraoKtr5da""]",2026-04-09,Визуальный (примерный),220,,
1776340659996-dskprsv-9qts,3,dskprsv,synced,2026-04-17T03:33:57.851Z,2026-04-16T11:57:39.996Z,2026-04-17T03:33:57.851Z,17,Сейлханова Д.А,"52,4776057","69,6847773","46529,592","16589,7526",Слабая (капёж),"0,21",Прозрачная,Северный,Domen-5,Активная,"Выклинивание подземных вод имеет плоскостное растекание, что не позволяет полноценно произвести замеры. Основное выклинивание вод располагается на +220 гор. с последующим растеканием на нижележащие. Замер на +200 гор.","[""https://drive.google.com/uc?export=view&id=1o2FH6pPnR5f8w4iJ9V9DyQu5klkbcpoZ""]",2026-04-09,Визуальный (примерный),220,,
1776341095888-dskprsv-75lt,2,dskprsv,synced,2026-04-17T03:34:27.706Z,2026-04-16T12:04:55.888Z,2026-04-17T03:34:27.706Z,18,Сейлханова Д.А,"52,4775762","69,6853271","46566,9843","16586,4709",Умеренная,"0,341",Прозрачная,Северный,Domen-5,Активная,"Выклинивание подземных вод имеет плоскостное растекание, что не позволяет полноценно произвести замеры. Основное выклинивание вод располагается на +220 гор. с последующим растеканием на нижележащие. Замер на +200 гор.","[""https://drive.google.com/uc?export=view&id=1iIx5-E7Pw9a_6YKXyO8sYJlB8rodGTSh""]",2026-04-09,Визуальный (примерный),220,,
1776341241902-dskprsv-8jew,3,dskprsv,synced,2026-04-17T03:34:45.990Z,2026-04-16T12:07:21.902Z,2026-04-17T03:34:45.990Z,11,Сейлханова Д.А,"52,4775089","69,6860073","46613,2727","16578,9799",Умеренная,"0,538",Прозрачная,Северный,Domen-5,Активная,"Выклинивание подземных вод имеет плоскостное растекание, что не позволяет полноценно произвести замеры. Основное выклинивание вод располагается на +220 гор. с последующим растеканием на нижележащие. Замер на +200 гор.","[""https://drive.google.com/uc?export=view&id=11q4QPzqSVFzC3a7PvVnZ6nOE-T_qAOBf""]",2026-04-09,Визуальный (примерный),220,,
1776511272639-dskprsv-rak2,2,dskprsv,synced,2026-04-18T12:04:18.212Z,2026-04-18T11:21:12.639Z,2026-04-18T12:04:18.212Z,1,Юкин Р.А.,"52,4756978","69,6820592","46346,8875","16377,4493",Умеренная,"0,1",Прозрачная,Северо-западный,Domen-5,Активная,"Видимое водопроявление по гор. +260. Замер объемным методом не возможен, отсутствие доступа к точке","[""https://drive.google.com/uc?export=view&id=13UMi3pDuX4f7luU9fvCfersWJMCJEWTS""]",2026-04-18,Визуальный (примерный),260,,
1776514741503-dskprsv-3vb0,4,dskprsv,synced,2026-04-18T12:21:56.354Z,2026-04-18T12:19:01.503Z,2026-04-18T12:21:56.354Z,3(1),Юкин Р.А.,"52,4732099","69,687294","46705,2616","16100,597",Слабая (капёж),"0,005",Прозрачная,Южный,Domen-3,Активная,"Борт увлажнен, видимый водоприток - капёж/плоскостное растекание.","[""https://drive.google.com/uc?export=view&id=1-8qh1wZc_Dv-bxzNMoCcRjNBtG_uh3RZ""]",2026-04-18,Визуальный (примерный),310,,
1776515056228-dskprsv-buzo,1,dskprsv,synced,2026-04-18T12:24:17.844Z,2026-04-18T12:24:16.228Z,2026-04-18T12:24:29.034Z,3(2),Юкин Р.А.,"52,4733495","69,687673","46730,8757","16116,1314",Слабая (капёж),"0,005",Прозрачная,Южный,Domen-2,Активная,"Борт увлажнен, видимый водоприток - капёж/плоскостное растекание. Обильное скопление воды на берме.","[""https://drive.google.com/uc?export=view&id=1weMilJLH0-ECm62DG2wUo9BI9p_CD-CT""]",2026-04-18,Визуальный (примерный),310,,
1776515167638-dskprsv-jn82,1,dskprsv,synced,2026-04-18T12:26:09.332Z,2026-04-18T12:26:07.638Z,2026-04-18T12:26:22.925Z,3(3),Юкин Р.А.,"52,4735161","69,6880887","46758,9505","16134,6708",Слабая (капёж),"0,005",Прозрачная,Южный,Domen-2,Активная,"Борт увлажнен, видимый водоприток - капёж/плоскостное растекание. Обильное скопление воды на берме.","[""https://drive.google.com/uc?export=view&id=1Fo8PHUN5WkV9jLlaMRmUiOJjksJtoPs1""]",2026-04-18,Визуальный (примерный),310,,
1776515264699-dskprsv-l2wp,1,dskprsv,synced,2026-04-18T12:27:46.504Z,2026-04-18T12:27:44.699Z,2026-04-18T12:27:58.306Z,3(4),Юкин Р.А.,"52,4737234","69,6884261","46781,654","16157,7391",Слабая (капёж),"0,005",Прозрачная,Южный,Domen-2,Новая,"Борт увлажнен, видимый водоприток - капёж/плоскостное растекание. Обильное скопление воды на берме.","[""https://drive.google.com/uc?export=view&id=19lEZzH40Q9xTKUC0Gn7kOToat-Uwuzh0""]",2026-04-18,Визуальный (примерный),310,,
1776515535761-dskprsv-nv6n,1,dskprsv,synced,2026-04-18T12:32:17.494Z,2026-04-18T12:32:15.761Z,2026-04-18T12:32:28.343Z,3,Юкин Р.А.,"52,472819","69,6877015","46733,3731","16057,1034",Умеренная,"3,7",Прозрачная,Южный,Domen-2,Новая,"Видимое водопроявление. Замер объемным методом не возможен из-за отсутствия доступа к точке. Объем водопритока визуально не изменился, берется прошлое значение.","[""https://drive.google.com/uc?export=view&id=1Q6cEyjSz4NOKdTegkue7LXyI7zj2NyKP""]",2026-04-18,Визуальный (примерный),330,,
1776515850610-dskprsv-qron,1,dskprsv,synced,2026-04-18T12:37:32.938Z,2026-04-18T12:37:30.610Z,2026-04-18T12:37:47.396Z,15,Юкин Р.А.,"52,476562","69,6836068","46451,1476","16473,6183",Умеренная,"0,58",Прозрачная,Северо-западный,Domen-5,Активная,Активная зона. Замеры производились в нескольких точках. Характер водопроявления - плоскостное. Борт увлажнен.,"[""https://drive.google.com/uc?export=view&id=1bobi9stGvEDq7dQRGYW9ibHyNYWOoAo2""]",2026-04-18,Объемным методом,200,,
1776516070882-dskprsv-vndy,1,dskprsv,synced,2026-04-18T12:41:13.386Z,2026-04-18T12:41:10.882Z,2026-04-18T12:41:26.199Z,14,Юкин Р.А.,"52,4761004","69,6830848","46416,1655","16422,2472",Умеренная,"0,41",Прозрачная,Северо-западный,Domen-5,Активная,Активная зона. Замер объемным методом не возможен. Характер водопроявления - плоскостное/капёж. Борт увлажнен.,"[""https://drive.google.com/uc?export=view&id=1gA9plEl072c7Wrw8BKAy6TRhruaLYt-C""]",2026-04-18,Geopacks,200,,
1776516361312-dskprsv-s7s7,2,dskprsv,synced,2026-04-18T04:30:39.861Z,2026-04-18T12:46:01.312Z,2026-04-18T04:30:39.861Z,20,Юкин Р.А.,"52,4756743","69,6825883","46382,8702","16374,8319",Сильная (поток),"1,68",Прозрачная,Западный,Domen-5,Активная,Активная зона. Ранее не фиксировалась из-за отсутствия доступа. Водоприток распространяется на гор. + 240-210. Основной источник проявляется на + 240гор. Замерялся в нескольких точках,"[""https://drive.google.com/uc?export=view&id=13qqTcmzD3tRnebcj2TH6gCr9hjmSi3Ey""]",2026-04-18,Объемным методом,210,,
1776516637211-dskprsv-2nzb,3,dskprsv,synced,2026-04-18T04:32:54.624Z,2026-04-18T12:50:37.211Z,2026-04-18T04:32:54.624Z,21,Юкин Р.А.,"52,4748241","69,6826618","46388,7591","16280,2175",Умеренная,"0,34",Прозрачная,Юго-западный,Domen-5,Активная,Активная зона. Ранее не фиксировалась из-за отсутствия доступа. Водоприток распространяется на гор. + 240-200. Основной источник проявляется на + 240гор.,"[""https://drive.google.com/uc?export=view&id=1ovSZQrmjzMzqKmqYh9G57yGC6VmC_ifR""]",2026-04-18,Объемным методом,240,,
1776516816622-dskprsv-3ky3,4,dskprsv,synced,2026-04-18T04:32:31.339Z,2026-04-18T12:53:36.622Z,2026-04-18T04:32:31.339Z,22,Юкин Р.А.,"52,4746938","69,6829085","46405,6633","16265,7287",Умеренная,"1,27",Прозрачная,Юго-западный,Domen-5,Активная,Активная зона. Ранее не фиксировалась из-за отсутствия доступа. Водоприток распространяется на гор. + 240-200. Основной источник проявляется на + 230 гор. Замерялся в нескольких точках.,"[""https://drive.google.com/uc?export=view&id=1T8T3o1VbFWAfNMJJaA5ZYLV-ewWbzp2o""]",2026-04-18,Объемным методом,230,,
1776517075777-dskprsv-d2lp,3,dskprsv,synced,2026-04-18T04:31:54.522Z,2026-04-18T12:57:55.777Z,2026-04-18T04:31:54.522Z,23,Юкин Р.А.,"52,4746799","69,6838068","46466,7222","16264,1737",Умеренная,"0,5",Прозрачная,Юго-западный,Domen-5,Активная,Активная зона. Ранее не фиксировалась из-за отсутствия доступа. Водоприток распространяется на гор. + 230-200. Основной источник проявляется на + 225гор. Замер объемным методом не возможен - плоскостной распространение.,"[""https://drive.google.com/uc?export=view&id=1QKYYaQFsqAgW0SSZICUSJkx7LW5j7jKq""]",2026-04-18,Визуальный (примерный),230,,
1776517319596-dskprsv-u4cb,3,dskprsv,synced,2026-04-18T03:31:58.645Z,2026-04-18T13:01:59.596Z,2026-04-18T03:31:58.645Z,11,Юкин Р.А.,"52,4774982","69,6861447","46622,6248","16577,7941",Умеренная,"1,24",Прозрачная,Северный,Domen-5,Активная,"Выклинивание подземных вод имеет плоскостное растекание, что не позволяет полноценно произвести замеры. Основное выклинивание вод располагается на +220 гор. с последующим растеканием на нижележащие. Замер на +200 гор.","[""https://drive.google.com/uc?export=view&id=1y8YsLHsi3PzMqVtnoJJKkOP9AdD2AFbZ""]",2026-04-18,Визуальный (примерный),210,,
1776517508077-dskprsv-9qvt,6,dskprsv,synced,2026-04-18T03:31:00.496Z,2026-04-18T13:05:08.077Z,2026-04-18T03:31:00.496Z,18,Юкин Р.А.,"52,4762031","69,6847268","46551,2802","16580,547",Умеренная,"0,37",Прозрачная,Северный,Domen-5,Активная,Выклинивание подземных вод имеет плоскостное растекание. Замер производился в нескольких точках. Борта обильно увлажнены,"[""https://drive.google.com/uc?export=view&id=179ulW3aKd05dIiubxLBo3-7acWwoNsbC""]",2026-04-18,Объемным методом,210,,
1776517841299-dskprsv-cziu,2,dskprsv,synced,2026-04-18T13:19:30.321Z,2026-04-18T13:10:41.299Z,2026-04-18T13:19:30.321Z,17,Юкин Р.А.,"52,4774593","69,6847267","46526,304","16573,4603",Сильная (поток),"0,84",Прозрачная,Северный,Domen-5,Активная,"Активный поток воды с +220 гор. - Разлом. Замер производился в нескольких точках. Образование сточных канав, скопление воды на берме.","[""https://drive.google.com/uc?export=view&id=1XAqa6KZqWfgqoRBV_72zwNQqlJ2Gk9ze""]",2026-04-18,Объемным методом,220,,
1776518294839-dskprsv-zoao,3,dskprsv,synced,2026-04-18T09:48:41.985Z,2026-04-18T13:18:14.839Z,2026-04-18T09:48:41.985Z,16,Юкин Р.А.,"52,477358","69,6844327","46506,4352","16562,1922",Очень сильная,"5,01",Прозрачная,Северный,Domen-5,Активная,"Активный поток воды с +210 гор. - Разлом. Замер производился на +200 гор. в нескольких точках. Образование сточных канав, скопление воды на берме.","[""https://drive.google.com/uc?export=view&id=1jJkcOznMHw62o_WvXSZsq1bgMOuL_cdN""]",2026-04-18,Объемным методом,210,,
1776518605302-dskprsv-3a08,2,dskprsv,synced,2026-04-18T04:31:02.981Z,2026-04-18T13:23:25.302Z,2026-04-18T04:31:02.981Z,24,Юкин Р.А.,"52,4758375","69,6884201","46779,0051","16392,991",Умеренная,1,Прозрачная,Северо-восточный,Domen-3,Активная,"Водопроявление прослеживается по всему Северо-воточному углу от +260 до + 220 гор. Характер распространения - площадное растекание. Основной объем водопритока прослеживается с + 240гор. а так же 2х действующих горизонтальных скважин. Замер произвести не возможно, рассчитан примерно (визуально).","[""https://drive.google.com/uc?export=view&id=1qnu2ShJWNEVn8xt-o2lpFRJGM8Es67MJ""]",2026-04-18,Визуальный (примерный),240,,
1776519063082-dskprsv-s0r1,,dskprsv,synced,2026-04-18T13:31:05.336Z,2026-04-18T13:31:03.082Z,2026-04-18T13:31:05.336Z,8,Юкин Р.А.,"52,4779059","69,6887351","46798,2168","16623,165",Слабая (капёж),"0,05",Прозрачная,Северо-восточный,Domen-1,Иссякает,,[],2026-04-18,Визуальный (примерный),280,,
1776519256584-dskprsv-9rnz,1,dskprsv,synced,2026-04-18T13:34:18.309Z,2026-04-18T13:34:16.584Z,2026-04-18T13:34:32.273Z,7,Юкин Р.А.,"52,4785983","69,6874996","46713,5275","16700,208",Слабая (капёж),"0,05",Прозрачная,Северный,Domen-1,Иссякает,,"[""https://drive.google.com/uc?export=view&id=1pRhYhQo8Ny45w1HKGr8r2X3p9zbkpoGa""]",2026-04-18,Визуальный (примерный),280,,
1776525583152-dskprsv-wknk,1,dskprsv,synced,2026-04-18T15:19:45.756Z,2026-04-18T15:19:43.152Z,2026-04-18T15:19:58.763Z,10,Юкин Р.А.,"52,4744289","69,688722","46801,0175","16236,2499",Слабая (капёж),"0,05",Прозрачная,Юго-восточный,Domen-2,Иссякает,В данной точке ранее фиксировался перелив с +310 гор. На данный момент видимый приток характеризуется капежом и плоскостным растеканием. Замер не возможен. Скопления воды не прослеживается,"[""https://drive.google.com/uc?export=view&id=1Q0FYr8c3O8tWLKh9JVC-L6Rs1H7FXOMP""]",2026-04-18,Визуальный (примерный),280,,
1776525835496-dskprsv-zfx5,1,dskprsv,synced,2026-04-18T15:23:57.090Z,2026-04-18T15:23:55.496Z,2026-04-18T15:24:10.028Z,25,Юкин Р.А.,"52,4746371","69,6891281","46828,3981","16259,4153",Слабая (капёж),"0,05",Прозрачная,Юго-восточный,Domen-2,Новая,"Водоприток с разлома. Капёж, плоскостное растекание. Замер не возможен.","[""https://drive.google.com/uc?export=view&id=1Cv9mC8uPmmmjAVlDP-bcPrVxyJDSa0he""]",2026-04-18,Визуальный (примерный),280,,
1776526072856-dskprsv-5vz7,1,dskprsv,synced,2026-04-18T15:27:54.452Z,2026-04-18T15:27:52.856Z,2026-04-18T15:28:05.998Z,26,Юкин Р.А.,"52,4749279","69,6896873","46866,09","16291,7714",Слабая (капёж),"0,01",Прозрачная,Юго-восточный,Domen-2,Новая,Видимое водопроявление в виде капежа с трещин клиновидного участка обрушения. Замер не возможен. Незначительная увлажнённость откоса.,"[""https://drive.google.com/uc?export=view&id=1oK55P3Z4VPAt0D8hv-HHgX1MZ1SJwEU-""]",2026-04-18,Визуальный (примерный),280,,
1776591913390-mobaind-1b09,3,mobaind,synced,2026-04-18T03:31:20.489Z,2026-04-18T09:45:13.390Z,2026-04-18T03:31:20.489Z,18(1),Юкин Р.А.,"52,4758284","69,6844231","46568,3243","16580,4519",Умеренная,"0,44",Прозрачная,Северный,Domen-5,Активная,,"[""https://drive.google.com/uc?export=view&id=1CAwbP1OCHKPij4w2SODVRrPJAnDp9dME""]",2026-04-18,Объемным методом,210,,
1776592700315-mobaind-stz1,3,mobaind,synced,2026-04-18T11:57:36.492Z,2026-04-18T09:58:20.314Z,2026-04-18T11:57:36.492Z,27,Юкин Р.А.,"52,474851","69,6839761","46527,0605","16440,9267",Сильная (поток),"3,284",Прозрачная,Северный,Domen-5,Активная,"Обильный водоприток. С трещин, вымывает заполнитель. Питание за счёт разгрузки точек #16 и #17 расположенных выше с образованием обильного скопления воды на берме и стоковой канавы по направлению к данной точке.","[""https://drive.google.com/uc?export=view&id=1XZ5r1cmf0_rubkACAmL_kILCC_LfTbVp""]",2026-04-18,Объемным методом,185,,
1776593096521-mobaind-yxjk,7,mobaind,synced,2026-04-18T11:59:56.783Z,2026-04-18T10:04:56.521Z,2026-04-18T11:59:56.783Z,28,Юкин Р.А.,"52,47474","69,6861264","46686,5143","16468,1183",Слабая (капёж),"0,12",Прозрачная,Восточный,Domen-5,Новая,,"[""https://drive.google.com/uc?export=view&id=1_1lEuF9NNTkZO1F6OseNSZcN_k8ws5_v""]",2026-04-18,Объемным методом,185,,
1776593243396-mobaind-3j3d,1,mobaind,synced,2026-04-18T10:07:25.664Z,2026-04-18T10:07:23.396Z,2026-04-18T10:07:39.112Z,29,Юкин Р.А.,"52,4745801","69,6865132","46703,1099","16446,4162",Слабая (капёж),"0,05",Прозрачная,Юго-восточный,Domen-5,Новая,,"[""https://drive.google.com/uc?export=view&id=12A2m2U3_Z7TjM1IGACmc9avUVZLklAkW""]",2026-04-18,Объемным методом,185,,
1776593416346-mobaind-4f04,1,mobaind,synced,2026-04-18T10:10:17.731Z,2026-04-18T10:10:16.346Z,2026-04-18T10:10:28.697Z,30,Юкин Р.А.,"52,4737396","69,6862323","46706,628","16415,3527",Умеренная,"0,4",Прозрачная,Юго-восточный,Domen-5,Новая,,"[""https://drive.google.com/uc?export=view&id=1S51sFs6QDSkS4R_6TK0SDCBJbJ9UwshV""]",2026-04-18,Визуальный (примерный),185,,
1776594028672-mobaind-fze3,13,mobaind,synced,2026-04-18T03:49:39.011Z,2026-04-18T10:20:28.672Z,2026-04-18T03:49:39.011Z,31,Юкин Р.А.,"52,4740567","69,6853","46641,9847","16362,1372",Умеренная,"0,89",Прозрачная,,Domen-3,Активная,"Водоприток прослеживается из ранее пробуренной БВР скважины. Разгрузка под напором, постоянная.","[""https://drive.google.com/uc?export=view&id=1ytt99eT9rCpP9pv8I3s1ldS9tgLhqBKT""]",2026-04-18,Объемным методом,180,,
1776594277842-mobaind-90zo,3,mobaind,synced,2026-04-18T04:45:49.556Z,2026-04-18T10:24:37.842Z,2026-04-18T04:45:49.556Z,32,Юкин Р.А.,"52,4738101","69,6848184","46620,7153","16342,9312",Слабая (капёж),"0,01",Прозрачная,Южный,Domen-3,Активная,,"[""https://drive.google.com/uc?export=view&id=1qZ9HuaruUHF_STjbTlEnmWncD-b91URA""]",2026-04-18,Визуальный (примерный),180,,
1776594546660-mobaind-13zo,2,mobaind,synced,2026-04-18T04:46:07.733Z,2026-04-18T10:29:06.660Z,2026-04-18T04:46:07.733Z,33,Юкин Р.А.,"52,4739283","69,6840617","46597,0145","16340,9495",Умеренная,"0,73",Прозрачная,Южный,Domen-3,Активная,,"[""https://drive.google.com/uc?export=view&id=1RuEmrIbwZHE4OSPCg6DmEraKbmF3J6Ig""]",2026-04-18,Объемным методом,180,,
1777088999081-dskprsv-r6so,2,dskprsv,synced,2026-04-24T09:52:06.469Z,2026-04-24T03:59:33.799Z,2026-04-24T09:52:06.469Z,31,Юкин Р.А.,"52,4755735","69,6863474","46638,4321","16363,615",Умеренная,"0,78",Прозрачная,Юго-восточный,Domen-3,Активная,"Водоприток прослеживается из ранее пробуренной БВР скважины. Разгрузка под напором, постоянная.","[""https://drive.google.com/uc?export=view&id=1oRiAgqm7kx3gFZdt22cz7QVhdSptm1EN""]",2026-04-24,Объемным методом,180,,
1777089361471-dskprsv-rcm1,2,dskprsv,synced,2026-04-24T09:52:06.469Z,2026-04-24T03:59:33.799Z,2026-04-24T09:52:06.469Z,32,Юкин Р.А.,"52,4754315","69,6859056","46608,5567","16347,8078",Слабая (капёж),"0,05",Прозрачная,Южный,Domen-3,Активная,"Водоприток проявляется в виде капежа, плоскостное растекание. ЗАмер не возможен, определен визуально (0,05 л/с).","[""https://drive.google.com/uc?export=view&id=1RQlc1WKoZ2ZYLnOtRCl0nEGRVWmAiz_g""]",2026-04-24,Визуальный (примерный),180,,
1777089573799-dskprsv-jy0u,2,dskprsv,synced,2026-04-24T09:52:06.469Z,2026-04-24T03:59:33.799Z,2026-04-24T09:52:06.469Z,33,Юкин Р.А.,"52,4753567","69,6856317","46590,0228","16339,4882",Слабая (капёж),"0,65",Прозрачная,Южный,Domen-3,Активная,Водоприток прослеживается с разлома. Слабые струи + множество точек с плоскостным растеканием которые удалось подсечь. Замеры производились в нескольких точках и обобщены.,"[""https://drive.google.com/uc?export=view&id=1cN-GpLCLmRbOCARVcCu-hLo1_0mTpB-h""]",2026-04-24,Объемным методом,180,,
1777089864782-dskprsv-vmij,1,dskprsv,synced,2026-04-24T04:04:27.098Z,2026-04-24T04:04:24.782Z,2026-04-24T04:04:42.568Z,28,Юкин Р.А.,"52,4764744","69,687102","46688,7626","16463,8614",Слабая (капёж),"0,1",Прозрачная,Восточный,Domen-5,Активная,Водопроявление в виде слабых струй с плоскостным распространением.,"[""https://drive.google.com/uc?export=view&id=1ji1M_MTJ_ZIyMP73lB5x9UAiGvypw8tl""]",2026-04-24,Объемным методом,185,,
1777090043166-dskprsv-oxoe,1,dskprsv,synced,2026-04-24T04:07:24.537Z,2026-04-24T04:07:23.166Z,2026-04-24T04:07:38.541Z,29,Юкин Р.А.,"52,4762774","69,687346","46705,5521","16441,9484",Слабая (капёж),"0,05",Прозрачная,Восточный,Domen-5,Активная,Водопроявление в виде капежа с плоскостным распространением. Замер не возможен,"[""https://drive.google.com/uc?export=view&id=1xxIfEBEO5h0UQ0b5xLqTaE7Cr38fE0sx""]",2026-04-24,Визуальный (примерный),185,,
1777090454455-dskprsv-stsg,1,dskprsv,synced,2026-04-24T04:14:16.418Z,2026-04-24T04:14:14.455Z,2026-04-24T04:14:29.033Z,30,Юкин Р.А.,"52,4759243","69,6873512","46706,2791","16402,6473",Слабая (капёж),"0,312",Прозрачная,Восточный,Domen-3,Активная,"Водопроявление в виде плоскостного растекания из трещин. Замер производился в нескольких точках, результат обобщен","[""https://drive.google.com/uc?export=view&id=1am8jirGplsCnOjNw_rnA2wsA6JbknuzI""]",2026-04-24,Объемным методом,185,,
1777090948695-dskprsv-nybu,2,dskprsv,synced,2026-04-24T02:25:19.020Z,2026-04-24T04:22:28.695Z,2026-04-24T02:25:19.020Z,21,Юкин Р.А.,"52,4747879","69,6826968","46391,1789","16276,1927",Слабая (капёж),"0,21",Прозрачная,Западный,Domen-5,Активная,Активная зона. Ранее не фиксировалась из-за отсутствия доступа. Водоприток распространяется на гор. + 240-200. Основной источник проявляется на + 240гор.,"[""https://drive.google.com/uc?export=view&id=1FQU_nQoA3XWxSXTrwSlWNd8VxTL03C6p""]",2026-04-24,Объемным методом,210,,
1777109622297-mobaind-hys6,2,mobaind,synced,2026-04-24T02:30:42.529Z,2026-04-24T09:33:42.297Z,2026-04-24T02:30:42.529Z,34,Юкин Р.А.,"52,4768698","69,6811385","46283,092","16507,8698",Слабая (капёж),"0,109",Прозрачная,Западный,Domen-5,Новая,Вскрыта новая точка разгрузки. Разлом. По участку проводят бурение под БВР. Скважины наводнены. Скопление воды на берме,"[""https://drive.google.com/uc?export=view&id=1jJBl02TKlIjFjdje92_qjm4DslDaRdYz""]",2026-04-24,Объемным методом,280,,
1777111304071-mobaind-10w9,1,mobaind,synced,2026-04-24T10:01:45.970Z,2026-04-24T10:01:44.070Z,2026-04-24T10:02:10.451Z,36,Юкин Р.А.,"52,4734368","69,6835135","46501,1901","16295,6262",Умеренная,"1,54",Прозрачная,Юго-западный,Domen-5,Новая,Большое колличество выхода воды с трещин/разломов. Замеры производились в нескольких точках. Размыв откачка. Основной водоприток с верхних горизонтов +200,"[""https://drive.google.com/uc?export=view&id=1bZ7vNSwR7ApZt2QwBUjatANWW1cbj0_2""]",2026-04-24,Объемным методом,180,,
1777111574238-mobaind-jp29,2,mobaind,synced,2026-04-24T02:26:15.129Z,2026-04-24T10:06:14.238Z,2026-04-24T02:26:15.129Z,37,Юкин Р.А.,"52,4736417","69,6831137","46491,4487","16309,2985",Умеренная,"0,472",Прозрачная,Юго-западный,Domen-5,Новая,"Водопроявление с трещин. Замер с нескольких точек. Размыв откачка, вымывание заполнителя.","[""https://drive.google.com/uc?export=view&id=1CSJaA8UfIu24-94Uv0FyzAexam-NjKvZ""]",2026-04-24,Объемным методом,180,,
1777111824695-mobaind-26zu,2,mobaind,synced,2026-04-24T02:25:48.765Z,2026-04-24T10:10:24.695Z,2026-04-24T02:25:48.765Z,38,Юкин Р.А.,"52,4736232","69,683289","46477,8106","16349,3389",Сильная (поток),"3,178",Прозрачная,Западный,Domen-5,Новая,Обильно скопление точек выхода подземных вод. Подсчёт объема обобщён. Основной с трещин. Пол средним напором,"[""https://drive.google.com/uc?export=view&id=1drVt8yiuORhhjIyKkzttYKvwBktm1-oD""]",2026-04-24,Объемным методом,190,,
1777170969356-dskprsv-3v2s,3,dskprsv,synced,2026-04-27T09:36:45.545Z,2026-04-24T02:36:09.356Z,2026-04-27T09:36:45.545Z,16,Юкин Р.А.,"52,4773687","69,6844084","46504,7732","16563,3822",Сильная (поток),"2,49",Прозрачная,Северный,Domen-5,Активная,"Активный поток воды с +210 гор. - Разлом. Замер производился на +195 гор. в нескольких точках. Образование сточных канав, скопление воды на берме.","[""https://drive.google.com/uc?export=view&id=1OxR11Agk1shyhpps6ayexWA28QHlBMXr""]",2026-04-24,Объемным методом,210,,
1777171082246-dskprsv-h1jy,3,dskprsv,synced,2026-04-27T09:43:26.241Z,2026-04-24T02:38:02.246Z,2026-04-27T09:43:26.241Z,17,Юкин Р.А.,"52,4774764","69,6846928","46523,9876","16575,3678",Умеренная,"2,11",Прозрачная,Северный,Domen-5,Активная,"Активный поток воды с +220 гор. - Разлом. Замер производился в нескольких точках. Образование сточных канав, скопление воды на берме. Замер на +195 гор.","[""https://drive.google.com/uc?export=view&id=1vS9qFBoWo5hAJoXNWbAKTH4jOQz4hQ5m""]",2026-04-24,Объемным методом,210,,
1777171312538-dskprsv-utq3,3,dskprsv,synced,2026-04-27T09:42:51.589Z,2026-04-24T02:41:52.538Z,2026-04-27T09:42:51.589Z,18,Юкин Р.А.,"52,4775079","69,6850619","46549,0341","16578,8767",Умеренная,"0,49",Прозрачная,Северный,Domen-5,Активная,Выклинивание подземных вод имеет плоскостное растекание. Замер производился в нескольких точках (объединил раннюю т.н. 18(1)). Борта обильно увлажнены.,"[""https://drive.google.com/uc?export=view&id=15rlVIhLMUD_9uVzIWG_hcK52oPCbao2_""]",2026-04-24,Объемным методом,210,,
1777171398749-dskprsv-qgc6,1,dskprsv,synced,2026-04-24T02:43:21.311Z,2026-04-24T02:43:18.749Z,2026-04-24T02:43:31.491Z,11,Юкин Р.А.,"52,477483","69,6860833","46618,4669","16576,1035",Умеренная,"1,17",Прозрачная,Северный,Domen-5,Активная,"Выклинивание подземных вод имеет плоскостное растекание, что не позволяет полноценно произвести замеры. Основное выклинивание вод располагается на +220 гор. с последующим растеканием на нижележащие. Замер на +200 гор.","[""https://drive.google.com/uc?export=view&id=1IRkLFfdnm6U4RYV5ewGfc5MiPGMjWxN3""]",2026-04-24,Объемным методом,210,,Ы
1777171730516-dskprsv-am3m,1,dskprsv,synced,2026-04-24T02:48:53.567Z,2026-04-24T02:48:50.516Z,2026-04-24T02:49:06.743Z,20,Юкин Р.А.,"52,4756522","69,6825333","46379,1553","16372,3687",Умеренная,"1,531",Прозрачная,Западный,Domen-5,Активная,Активная зона. Водоприток распространяется на гор. + 240-2200. Основной источник проявляется на + 240гор. Замерялся в нескольких точках,"[""https://drive.google.com/uc?export=view&id=1pRIHOJ01GB1g9_nv8qXLX-Tl0xlOTLdT""]",2026-04-24,Объемным методом,210,,
1777171894093-dskprsv-9asq,1,dskprsv,synced,2026-04-24T02:51:36.424Z,2026-04-24T02:51:34.093Z,2026-04-24T02:51:48.992Z,1,Юкин Р.А.,"52,4757027","69,6820137","46343,7898","16377,9963",Умеренная,"0,1",Прозрачная,Северо-западный,Domen-5,Новая,"Видимое водопроявление по гор. +260. Замер объемным методом не возможен, отсутствие доступа к точке","[""https://drive.google.com/uc?export=view&id=1JgTXauEq6LpecD2glTQ17EZOACrHUPjj""]",2026-04-24,Визуальный (примерный),260,,
1777176423178-dskprsv-4qyj,3,dskprsv,synced,2026-04-24T04:14:55.074Z,2026-04-24T04:07:03.178Z,2026-04-24T04:14:55.074Z,24,Юкин Р.А.,"52,4757286","69,6883447","46774,0023","16380,8764",Умеренная,1,Прозрачная,Северо-восточный,Domen-3,Активная,"Водопроявление прослеживается по всему Северо-воточному углу от +260 до + 220 гор. Характер распространения - площадное растекание. Основной объем водопритока прослеживается с + 240гор. а так же 2х действующих горизонтальных скважин. Замер произвести не возможно, рассчитан примерно (визуально).","[""https://drive.google.com/uc?export=view&id=1wXg2B878KMZmJgHcIFb_eWdAzosNBX7S""]",2026-04-24,Визуальный (примерный),240,,
1777177347821-dskprsv-w1h1,2,dskprsv,synced,2026-04-24T04:25:27.957Z,2026-04-24T04:22:27.821Z,2026-04-24T04:25:27.957Z,10,Юкин Р.А.,"52,4744667","69,6881614","46762,8788","16240,4515",Слабая (капёж),"0,2",Прозрачная,Южный,Domen-3,Новая,"Вскрыта новая точка разгрузки (продолжение т.н. 10 ниже горизонтом +270 гор.). Водоприток в виде плоскостного растекания по площади откоса. Скопление воды на берме. Замер произвести не удалось, зафиксировали примерный (визуальный)","[""https://drive.google.com/uc?export=view&id=1QJN4eTO_KqliiPZjZvq3wO8aOFgBalzq""]",2026-04-24,Визуальный (примерный),270,,
1777177802700-dskprsv-p98c,1,dskprsv,synced,2026-04-24T04:30:05.503Z,2026-04-24T04:30:02.699Z,2026-04-24T04:30:18.499Z,25,Юкин Р.А.,"52,4746134","69,6890601","46823,8003","16256,7732",Слабая (капёж),"0,05",Прозрачная,Южный,Domen-2,Активная,"Водоприток с разлома. Капёж, плоскостное растекание. Замер не возможен.","[""https://drive.google.com/uc?export=view&id=1AsLO7Yc0AjTA5AnTFAd9-VTF-JgTNn2v""]",2026-04-24,Визуальный (примерный),280,,
1777177999529-dskprsv-p36k,1,dskprsv,synced,2026-04-24T04:33:21.953Z,2026-04-24T04:33:19.529Z,2026-04-24T04:33:33.860Z,39,Юкин Р.А.,"52,4739084","69,6870785","46689,8781","16178,3239",Слабая (капёж),"0,05",Прозрачная,Южный,Domen-3,Новая,"Водопроявление в виде слабого капежа, борт слабо увлажнен.","[""https://drive.google.com/uc?export=view&id=1KW8urpZTfoqBVZZ7cFSmqFHISsJCtxJJ""]",2026-04-24,Визуальный (примерный),280,,
1777178355188-dskprsv-a6i9,1,dskprsv,synced,2026-04-24T04:39:19.159Z,2026-04-24T04:39:15.188Z,2026-04-24T04:39:30.856Z,3,Юкин Р.А.,"52,4728117","69,6876756","46731,6189","16056,281",Умеренная,3,Прозрачная,Южный,Domen-2,Активная,,"[""https://drive.google.com/uc?export=view&id=15LwbZSz7En3_C3bvPQnLiM_BGxfeTYb1""]",2026-04-24,Визуальный (примерный),330,,
1777179617872-dskprsv-5hj0,2,dskprsv,synced,2026-04-24T05:01:06.778Z,2026-04-24T05:00:17.872Z,2026-04-24T05:01:06.778Z,26,,"52,4750155","69,6896986","46866,762","16301,5196",,0,,Юго-восточный,Domen-2,Пересохла,Точка водопроявленя иссякла.,"[""https://drive.google.com/uc?export=view&id=1FaxPgaFanEkUc6EdbWDzKO6Q4s0gYe9A""]",2026-04-24,Визуальный (примерный),280,,
1777179907183-dskprsv-5b7t,3,dskprsv,synced,2026-04-28T02:25:55.413Z,2026-04-24T05:05:07.183Z,2026-04-28T02:25:55.413Z,3(1),Юкин Р.А.,"52,4732626","69,6874174","46713,5967","16106,4602",Слабая (капёж),"0,01",Прозрачная,Южный,Domen-3,Активная,Слабое водопроявление в виде капежа с трещин,"[""https://drive.google.com/uc?export=view&id=1WcHwy1TdK8-LJtHAqHnspcZLEC1KdWKY""]",2026-04-24,Визуальный (примерный),300,,
1777180091215-dskprsv-pwmp,1,dskprsv,synced,2026-04-24T05:08:13.739Z,2026-04-24T05:08:11.215Z,2026-04-24T05:08:25.122Z,3(4),Юкин Р.А.,"52,4736208","69,6883379","46775,774","16146,3197",Слабая (капёж),"0,01",Прозрачная,Южный,Domen-2,Активная,"Борт увлажнен, видимый водоприток - капёж/плоскостное растекание. Обильное скопление воды на берме.","[""https://drive.google.com/uc?export=view&id=17Kvg8RtPue8p4YEKwtzmlaZx2rR0yyqf""]",2026-04-24,Визуальный (примерный),300,,
1777180186632-dskprsv-6sca,1,dskprsv,synced,2026-04-24T05:09:49.192Z,2026-04-24T05:09:46.632Z,2026-04-24T05:10:00.573Z,3(3),Юкин Р.А.,"52,4735046","69,6880919","46759,1803","16133,394",Слабая (капёж),"0,01",Прозрачная,Южный,Domen-2,Активная,"Борт увлажнен, видимый водоприток - капёж/плоскостное растекание. Обильное скопление воды на берме.","[""https://drive.google.com/uc?export=view&id=1fvqzbTMNLS8KJv-Mqboau4r6nkh_M4IH""]",2026-04-24,Визуальный (примерный),300,,
1777180294506-dskprsv-aie8,1,dskprsv,synced,2026-04-24T05:11:36.988Z,2026-04-24T05:11:34.506Z,2026-04-24T05:11:49.339Z,3(2),Юкин Р.А.,"52,4733837","69,6877981","46739,3351","16119,9356",Слабая (капёж),"0,01",Прозрачная,Южный,Domen-2,Активная,"Борт увлажнен, видимый водоприток - капёж/плоскостное растекание. Обильное скопление воды на берме.","[""https://drive.google.com/uc?export=view&id=1aPrFIlSD__ltz6_HSdTtn3yFqy87ay72""]",2026-04-24,Визуальный (примерный),300,,
1777180861614-dskprsv-y3an,2,dskprsv,synced,2026-04-24T05:21:40.582Z,2026-04-24T05:21:01.614Z,2026-04-24T05:21:40.582Z,14,Юкин Р.А.,"52,4762939","69,6832676","46428,3821","16443,7798",Умеренная,"0,313",Прозрачная,Северо-западный,Domen-5,Активная,Активная зона. Замер объемным методом не возможен. Характер водопроявления - плоскостное/капёж. Борт увлажнен.,"[""https://drive.google.com/uc?export=view&id=1w4cwsQiwxsDg7ktKhl9fMp9SQYfEm549""]",2026-04-24,Объемным методом,200,,
1777181011364-dskprsv-oy69,1,dskprsv,synced,2026-04-24T05:23:33.861Z,2026-04-24T05:23:31.364Z,2026-04-24T05:23:45.401Z,15,Юкин Р.А.,"52,4766541","69,6836973","46457,2043","16483,8669",Слабая (капёж),"0,21",Прозрачная,Северо-западный,Domen-5,Активная,Активная зона. Замеры производились в нескольких точках. Характер водопроявления - плоскостное. Борт увлажнен. Уменьшение водопритока,"[""https://drive.google.com/uc?export=view&id=1dpZmBEk7Mcb7DsHXXorAH5ATwEKHYO-R""]",2026-04-24,Объемным методом,200,,
1778323750615-dsk12qu-rpwf,1,dsk12qu,synced,2026-05-09T10:49:13.298Z,2026-05-09T10:49:10.615Z,2026-05-09T10:49:13.298Z,40,Сейлханова Д.А,"52,4788316","69,6862792","46630,3559","16726,1688",,,,Северо-восточный,Domen-1,Новая,,[],2026-05-09,,,,